#misc
alias	iamben	'ssh -24CA -p222 iamben@Archon.iamben.csie.net'
alias   sspc7   'ssh -24CA -p222 iamben@sspc7.cs.nctu.edu.tw'

#cs
alias	csduty	'ssh -24CA changlp@csduty.cs.nctu.edu.tw'
alias	cshome	'ssh -24CA changlp@cshome.cs.nctu.edu.tw'
alias	csmailgate	'ssh -24CA changlp@csmailgate.cs.nctu.edu.tw'
alias	csmail1	'ssh -24CA changlp@csmail1.cs.nctu.edu.tw'
alias	csmail2	'ssh -24CA changlp@csmail2.cs.nctu.edu.tw'
alias	bsd1	'ssh -24CA changlp@bsd1.cs.nctu.edu.tw'
alias	bsd2	'ssh -24CA changlp@bsd2.cs.nctu.edu.tw'
alias	bsd3	'ssh -24CA changlp@bsd3.cs.nctu.edu.tw'
alias	bsd4	'ssh -24CA changlp@bsd4.cs.nctu.edu.tw'
alias	bsd5	'ssh -24CA changlp@bsd5.cs.nctu.edu.tw'
alias	bsd6	'ssh -24CA changlp@bsd6.cs.nctu.edu.tw'
alias	nat235	'ssh -24CA changlp@nat235.dynamic.cs.nctu.edu.tw'
alias	csnews	'ssh -24CA changlp@csnews.cs.nctu.edu.tw'
alias	csnews2	'ssh -24CA changlp@csnews2.cs.nctu.edu.tw'
alias	csnews3	'ssh -24CA changlp@csnews3.cs.nctu.edu.tw'
alias	sun1	'ssh -24CA changlp@sun1.cs.nctu.edu.tw'
alias	tsun1	'ssh -24CA changlp@tsun1.cs.nctu.edu.tw'
alias	tsun2	'ssh -24CA changlp@tsun2.cs.nctu.edu.tw'
alias	tsun3	'ssh -24CA changlp@tsun3.cs.nctu.edu.tw'
alias	tsun4	'ssh -24CA changlp@tsun4.cs.nctu.edu.tw'
alias	linux0	'ssh -24CA changlp@linux0.cs.nctu.edu.tw'
alias	linux1	'ssh -24CA changlp@linux1.cs.nctu.edu.tw'
alias	linux2	'ssh -24CA changlp@linux2.cs.nctu.edu.tw'
alias	linux3	'ssh -24CA changlp@linux3.cs.nctu.edu.tw'
alias	linux4	'ssh -24CA changlp@linux4.cs.nctu.edu.tw'
alias	linux5	'ssh -24CA changlp@linux5.cs.nctu.edu.tw'
alias	linux6	'ssh -24CA changlp@linux6.cs.nctu.edu.tw'
alias	linux7	'ssh -24CA changlp@linux7.cs.nctu.edu.tw'
alias	help	'ssh -24CA -p222 changlp@help.cs.nctu.edu.tw'
alias	alumni	'ssh -24CA changlp@alumni.cs.nctu.edu.tw'

#cis
alias	cishome	'ssh -24CA changlp@cishome.cis.nctu.edu.tw'
alias	alumni.cis	'ssh -24CA changlp@alumni.cis.nctu.edu.tw'

#csie
alias	magpie	'ssh -24CA changlp@magpie.csie.nctu.edu.tw'
alias	alumni.csie	'ssh -24CA changlp@alumni.csie.nctu.edu.tw'
